id,lastmod
Q57413,2022-11-11T08:33:20Z
Q57867,2022-10-20T15:29:07Z
Q58154,2022-12-09T13:20:34Z
Q58258,2022-09-16T18:13:26Z
Q179242,2022-10-18T21:33:10Z
Q313994,2022-10-28T08:59:12Z
Q357802,2022-06-02T02:14:15Z
Q437761,2022-11-03T13:59:04Z
Q454785,2022-09-04T09:40:39Z
Q455728,2022-09-04T09:40:33Z
Q514954,2022-07-28T22:05:48Z
Q515195,2022-06-09T17:43:31Z
Q656275,2021-12-07T12:01:01Z
Q717915,2022-10-20T15:18:56Z
Q971859,2022-10-20T15:50:33Z
Q1304104,2022-10-20T16:01:43Z
Q1394077,2022-11-30T19:00:40Z
Q1888117,2022-10-20T15:56:59Z
Q2640305,2022-11-08T09:58:22Z
Q2824041,2022-11-08T10:10:56Z
Q2838739,2022-10-20T15:40:23Z
Q2840866,2022-11-30T13:24:14Z
Q2959525,2022-09-01T17:16:26Z
Q3126401,2022-10-20T15:35:16Z
Q3192595,2022-11-14T01:17:52Z
Q3288607,2022-09-04T09:41:39Z
Q3369176,2022-11-08T10:18:23Z
Q3370489,2022-10-20T16:07:14Z
Q3472182,2022-12-02T17:16:03Z
Q3526462,2022-11-26T04:10:55Z
Q4853306,2022-09-04T09:43:25Z
Q18384617,2022-11-08T09:41:44Z
Q19392607,2022-10-21T10:02:16Z
Q21280596,2022-11-08T10:18:57Z
Q22085045,2022-11-08T10:18:10Z
Q24056959,2022-11-08T10:17:42Z
Q27757660,2022-09-01T17:11:28Z
Q28150377,2022-11-08T09:57:45Z
Q30728030,2022-11-08T10:11:49Z
Q41675123,2022-11-08T10:17:34Z
Q44738480,2022-12-09T13:22:55Z
Q49500308,2022-09-01T17:13:01Z
Q56308663,2022-11-08T10:18:32Z
Q59867225,2022-11-08T10:14:45Z
Q60694641,2022-11-26T08:47:34Z
Q60832327,2022-11-08T10:11:37Z
Q62566689,2022-11-08T10:13:35Z
Q63611068,2022-09-13T02:13:00Z
Q68770341,2022-10-24T04:00:06Z
Q71437989,2022-10-20T15:29:23Z
Q90018658,2022-11-08T10:19:10Z
Q96678215,2022-10-20T17:24:43Z
Q99313278,2022-09-01T17:22:08Z
Q99314971,2022-09-01T17:18:56Z
Q100980938,2022-11-08T10:17:09Z
Q101584179,2022-11-08T09:43:12Z
Q104437318,2022-11-08T10:16:23Z
Q105833518,2022-11-08T10:19:22Z
Q106777843,2022-11-08T10:11:17Z
Q107136438,2022-09-01T17:20:44Z
Q107266901,2022-11-08T10:18:02Z
Q107466615,2022-11-08T10:16:57Z
Q108344978,2022-08-13T06:12:14Z
Q108344980,2022-08-13T06:12:15Z
Q108752418,2022-11-08T10:13:16Z
Q111334944,2022-11-08T09:41:45Z
Q111901694,2022-11-08T10:14:19Z
Q112684510,2022-11-11T02:20:56Z
Q112947515,2022-11-08T10:19:04Z
Q112948561,2022-11-08T10:11:12Z
Q113488775,2022-11-08T10:14:05Z
Q113528137,2022-11-08T10:14:32Z
Q113680500,2022-11-28T13:26:39Z
Q113835506,2022-11-08T10:13:58Z
Q114787901,2022-11-11T02:20:56Z
Q114788517,2022-11-08T10:11:26Z
Q114788519,2022-11-08T10:15:02Z
Q114788520,2022-11-08T10:17:24Z
Q114788522,2022-11-08T10:18:17Z
Q115125638,2022-11-10T22:05:29Z
Q115125639,2022-11-10T22:05:29Z
Q115125640,2022-11-10T22:05:30Z
Q115125641,2022-11-10T22:05:30Z
Q115125643,2022-11-10T22:05:30Z
Q115125644,2022-11-10T22:05:30Z
Q115125645,2022-11-10T22:05:31Z
